{
  "wer": 0.45717796716237896,
  "cer": 0.18831922687088698,
  "mer": 0.4346039025656557,
  "wil": 0.6488253729681236,
  "substitutions": 31693,
  "deletions": 3922,
  "insertions": 4565,
  "hits": 52272,
  "total_predictions": 10243,
  "empty_predictions": 0,
  "bleu": 0.3840958835501394
}