{
  "wer": 0.22549410037889564,
  "cer": 0.06648020126493508,
  "mer": 0.2199165519996449,
  "wil": 0.36253943484653406,
  "substitutions": 15681,
  "deletions": 1908,
  "insertions": 2229,
  "hits": 70298,
  "total_predictions": 10243,
  "empty_predictions": 0,
  "bleu": 0.6455812013299338
}