{
  "wer": 0.4653475485566694,
  "cer": 0.18237371727800128,
  "mer": 0.4426813296242978,
  "wil": 0.6580699885856656,
  "substitutions": 32231,
  "deletions": 4167,
  "insertions": 4500,
  "hits": 51489,
  "total_predictions": 10243,
  "empty_predictions": 0,
  "bleu": 0.36842053422497195
}