{
  "wer": 0.25122031699796327,
  "cer": 0.07013049853612127,
  "mer": 0.24427725839464512,
  "wil": 0.39845446015400354,
  "substitutions": 17448,
  "deletions": 2133,
  "insertions": 2498,
  "hits": 68306,
  "total_predictions": 10243,
  "empty_predictions": 0,
  "bleu": 0.602879380281018
}