{
  "wer": 0.46195683093062684,
  "cer": 0.1815026043329682,
  "mer": 0.43946052432186694,
  "wil": 0.6546307171163499,
  "substitutions": 32067,
  "deletions": 4034,
  "insertions": 4499,
  "hits": 51786,
  "total_predictions": 10243,
  "empty_predictions": 0,
  "bleu": 0.37188386384021344
}