{
  "wer": 0.46853345773550126,
  "cer": 0.185736999212396,
  "mer": 0.44479730386597105,
  "wil": 0.6606529171110107,
  "substitutions": 32492,
  "deletions": 3996,
  "insertions": 4690,
  "hits": 51399,
  "total_predictions": 10243,
  "empty_predictions": 0,
  "bleu": 0.36812859948249615
}