{
  "wer": 0.22955613458190632,
  "cer": 0.06608296784043967,
  "mer": 0.22381602156621294,
  "wil": 0.3685320349321829,
  "substitutions": 15986,
  "deletions": 1935,
  "insertions": 2254,
  "hits": 69966,
  "total_predictions": 10243,
  "empty_predictions": 0,
  "bleu": 0.636047537867651
}