{
  "wer": 0.21834856122065835,
  "cer": 0.06167253253472523,
  "mer": 0.21272822002239244,
  "wil": 0.3508902050177436,
  "substitutions": 15070,
  "deletions": 1798,
  "insertions": 2322,
  "hits": 71019,
  "total_predictions": 10243,
  "empty_predictions": 0,
  "bleu": 0.6530232411779981
}