{
  "wer": 0.4617520224834162,
  "cer": 0.18239009158147934,
  "mer": 0.4373767311526648,
  "wil": 0.6517032495211539,
  "substitutions": 31925,
  "deletions": 3759,
  "insertions": 4898,
  "hits": 52203,
  "total_predictions": 10243,
  "empty_predictions": 0,
  "bleu": 0.37464584424710845
}