{
  "wer": 0.22011218951608316,
  "cer": 0.06597017316434838,
  "mer": 0.21463917983312622,
  "wil": 0.3543426512425837,
  "substitutions": 15270,
  "deletions": 1834,
  "insertions": 2241,
  "hits": 70783,
  "total_predictions": 10243,
  "empty_predictions": 0,
  "bleu": 0.6542546473569214
}