{
  "wer": 0.4773515992126253,
  "cer": 0.18497231923997032,
  "mer": 0.4545631846402219,
  "wil": 0.6718585024036673,
  "substitutions": 33124,
  "deletions": 4423,
  "insertions": 4406,
  "hits": 50340,
  "total_predictions": 10243,
  "empty_predictions": 0,
  "bleu": 0.35177514393404213
}