{
  "wer": 0.4618658049540888,
  "cer": 0.1881489341147151,
  "mer": 0.4373054092196977,
  "wil": 0.6513921718734084,
  "substitutions": 31875,
  "deletions": 3781,
  "insertions": 4936,
  "hits": 52231,
  "total_predictions": 10243,
  "empty_predictions": 0,
  "bleu": 0.3809233051342644
}