{
  "wer": 0.2183826959618601,
  "cer": 0.0660486390259771,
  "mer": 0.2128511383926096,
  "wil": 0.35138269067082595,
  "substitutions": 15114,
  "deletions": 1795,
  "insertions": 2284,
  "hits": 70978,
  "total_predictions": 10243,
  "empty_predictions": 0,
  "bleu": 0.6552655559096612
}