{
  "wer": 0.46152445754207105,
  "cer": 0.18274050167590997,
  "mer": 0.4387547594323295,
  "wil": 0.6538323696241123,
  "substitutions": 32042,
  "deletions": 3959,
  "insertions": 4561,
  "hits": 51886,
  "total_predictions": 10243,
  "empty_predictions": 0,
  "bleu": 0.37341801547697356
}