{
  "wer": 0.4609669234357755,
  "cer": 0.18106049813906042,
  "mer": 0.4385662942755694,
  "wil": 0.6535989817436434,
  "substitutions": 31999,
  "deletions": 4025,
  "insertions": 4489,
  "hits": 51863,
  "total_predictions": 10243,
  "empty_predictions": 0,
  "bleu": 0.3724083611613451
}