{
  "wer": 0.47520111051691377,
  "cer": 0.18454986221023623,
  "mer": 0.4517517766552369,
  "wil": 0.6685486109352723,
  "substitutions": 32942,
  "deletions": 4260,
  "insertions": 4562,
  "hits": 50685,
  "total_predictions": 10243,
  "empty_predictions": 0,
  "bleu": 0.3555778476178558
}