{
  "wer": 0.45928294286982146,
  "cer": 0.18890870179609734,
  "mer": 0.4342750785385377,
  "wil": 0.648186915290506,
  "substitutions": 31780,
  "deletions": 3524,
  "insertions": 5061,
  "hits": 52583,
  "total_predictions": 10243,
  "empty_predictions": 0,
  "bleu": 0.3843329661361821
}