{
  "wer": 0.2443706122634747,
  "cer": 0.07013376794702246,
  "mer": 0.2382045651161243,
  "wil": 0.3897621625710662,
  "substitutions": 17003,
  "deletions": 2199,
  "insertions": 2275,
  "hits": 68685,
  "total_predictions": 10243,
  "empty_predictions": 0,
  "bleu": 0.6146992747437383
}