{
  "wer": 0.22623368643826733,
  "cer": 0.06411478247791921,
  "mer": 0.22087313930237726,
  "wil": 0.363594554103154,
  "substitutions": 15680,
  "deletions": 2070,
  "insertions": 2133,
  "hits": 70137,
  "total_predictions": 10243,
  "empty_predictions": 0,
  "bleu": 0.6405453247450971
}